episode,smiles,selected_fragments,reward
0,O=C1c2cccc3c(-n4c5ccccc5c5ccccc54)ccc(c23)C(=O)N1c1ccc2c(c1)[nH]c1ccccc12,"('O=C1NC(=O)c2cccc3cccc1c23', 'c1ccc2c(c1)Nc1ccccc12', 'c1ccc2c(c1)Nc1ccccc12')",15.89608743996215
1,O=C1c2cccc3c(-n4c5ccccc5c5ccccc54)ccc(c23)C(=O)N1c1ccc2c(c1)[nH]c1ccccc12,"('O=C1NC(=O)c2cccc3cccc1c23', 'c1ccc2c(c1)Nc1ccccc12', 'c1ccc2c(c1)Nc1ccccc12')",15.89608743996215
2,O=C1c2cccc3c(-n4c5ccccc5c5ccccc54)ccc(c23)C(=O)N1c1ccc2c(c1)[nH]c1ccccc12,"('O=C1NC(=O)c2cccc3cccc1c23', 'c1ccc2c(c1)Nc1ccccc12', 'c1ccc2c(c1)Nc1ccccc12')",15.89608743996215
3,N#Cc1nccc(-n2c3ccccc3c3cc(N4C(=O)c5cccc6cccc(c56)C4=O)ccc32)n1,"('O=C1NC(=O)c2cccc3cccc1c23', 'c1ccc2c(c1)Nc1ccccc12', 'N#Cc1ncccn1')",18.984938001799996
4,O=C1c2cccc3c(-n4c5ccccc5c5ccccc54)ccc(c23)C(=O)N1c1ccc2c(c1)[nH]c1ccccc12,"('O=C1NC(=O)c2cccc3cccc1c23', 'c1ccc2c(c1)Nc1ccccc12', 'c1ccc2c(c1)Nc1ccccc12')",15.89608743996215
5,N#Cc1ccc(N2C(=O)c3cccc4c(-n5c6ccccc6c6ccccc65)ccc(c34)C2=O)s1,"('O=C1NC(=O)c2cccc3cccc1c23', 'c1ccc2c(c1)Nc1ccccc12', 'N#Cc1cccs1')",17.286597392143065
6,O=C1c2cccc3c(-n4c5ccccc5c5ccccc54)ccc(c23)C(=O)N1c1ccc2c(c1)[nH]c1ccccc12,"('O=C1NC(=O)c2cccc3cccc1c23', 'c1ccc2c(c1)Nc1ccccc12', 'c1ccc2c(c1)Nc1ccccc12')",15.89608743996215
7,O=C1c2cccc3c(-n4c5ccccc5c5ccccc54)ccc(c23)C(=O)N1c1ccc2c(c1)[nH]c1ccccc12,"('O=C1NC(=O)c2cccc3cccc1c23', 'c1ccc2c(c1)Nc1ccccc12', 'c1ccc2c(c1)Nc1ccccc12')",15.89608743996215
8,O=C1c2cccc3c(N4C(=O)c5ccccc5C4=O)ccc(c23)C(=O)N1c1ccc2c(c1)[nH]c1ccccc12,"('O=C1NC(=O)c2cccc3cccc1c23', 'O=C1NC(=O)c2ccccc21', 'c1ccc2c(c1)Nc1ccccc12')",10.688083851197174
9,O=C1c2cccc3c(-n4c5ccccc5c5ccccc54)ccc(c23)C(=O)N1c1ccc2c(c1)[nH]c1ccccc12,"('O=C1NC(=O)c2cccc3cccc1c23', 'c1ccc2c(c1)Nc1ccccc12', 'c1ccc2c(c1)Nc1ccccc12')",15.89608743996215
10,O=C1c2cccc3c(-n4c5ccccc5c5ccccc54)ccc(c23)C(=O)N1c1ccc2c(c1)[nH]c1ccccc12,"('O=C1NC(=O)c2cccc3cccc1c23', 'c1ccc2c(c1)Nc1ccccc12', 'c1ccc2c(c1)Nc1ccccc12')",15.89608743996215
11,O=C1c2cccc3c(-n4c5ccccc5c5ccccc54)ccc(c23)C(=O)N1c1ccc2c(c1)[nH]c1ccccc12,"('O=C1NC(=O)c2cccc3cccc1c23', 'c1ccc2c(c1)Nc1ccccc12', 'c1ccc2c(c1)Nc1ccccc12')",15.89608743996215
12,O=C1c2cccc3c(-n4c5ccccc5c5ccccc54)ccc(c23)C(=O)N1c1ccc2c(c1)[nH]c1ccccc12,"('O=C1NC(=O)c2cccc3cccc1c23', 'c1ccc2c(c1)Nc1ccccc12', 'c1ccc2c(c1)Nc1ccccc12')",15.89608743996215
13,O=C1NC(=O)c2ccc(N3C(=O)c4cccc5c(-n6c7ccccc7c7ccccc76)ccc(c45)C3=O)c3cccc1c23,"('O=C1NC(=O)c2cccc3cccc1c23', 'c1ccc2c(c1)Nc1ccccc12', 'O=C1NC(=O)c2cccc3cccc1c23')",18.80053585359338
14,O=C1c2cccc3c(-n4c5ccccc5c5ccccc54)ccc(c23)C(=O)N1c1ccc2c(c1)[nH]c1ccccc12,"('O=C1NC(=O)c2cccc3cccc1c23', 'c1ccc2c(c1)Nc1ccccc12', 'c1ccc2c(c1)Nc1ccccc12')",15.89608743996215
15,O=C1c2ccccc2-c2ccc(-c3ccc4c5c(cccc35)C(=O)N(c3ccc5c(c3)[nH]c3ccccc35)C4=O)cc21,"('O=C1NC(=O)c2cccc3cccc1c23', 'O=C1c2ccccc2-c2ccccc21', 'c1ccc2c(c1)Nc1ccccc12')",16.739162657145044
16,O=C1c2cccc3c(-n4c5ccccc5c5ccccc54)ccc(c23)C(=O)N1c1ccc2c(c1)[nH]c1ccccc12,"('O=C1NC(=O)c2cccc3cccc1c23', 'c1ccc2c(c1)Nc1ccccc12', 'c1ccc2c(c1)Nc1ccccc12')",15.89608743996215
17,O=C1c2cccc3c(-n4c5ccccc5c5ccccc54)ccc(c23)C(=O)N1c1ccc2c(c1)[nH]c1ccccc12,"('O=C1NC(=O)c2cccc3cccc1c23', 'c1ccc2c(c1)Nc1ccccc12', 'c1ccc2c(c1)Nc1ccccc12')",15.89608743996215
18,O=C1c2cccc3c(-n4c5ccccc5c5ccccc54)ccc(c23)C(=O)N1c1ccc2c(c1)[nH]c1ccccc12,"('O=C1NC(=O)c2cccc3cccc1c23', 'c1ccc2c(c1)Nc1ccccc12', 'c1ccc2c(c1)Nc1ccccc12')",15.89608743996215
19,O=C1c2cccc3c(-n4c5ccccc5c5ccccc54)ccc(c23)C(=O)N1c1ccc2c(c1)[nH]c1ccccc12,"('O=C1NC(=O)c2cccc3cccc1c23', 'c1ccc2c(c1)Nc1ccccc12', 'c1ccc2c(c1)Nc1ccccc12')",15.89608743996215
20,O=C1c2cccc3c(-n4c5ccccc5c5ccccc54)ccc(c23)C(=O)N1c1ccc2c(c1)[nH]c1ccccc12,"('O=C1NC(=O)c2cccc3cccc1c23', 'c1ccc2c(c1)Nc1ccccc12', 'c1ccc2c(c1)Nc1ccccc12')",15.89608743996215
21,O=C1c2cccc3c(-n4c5ccccc5c5ccccc54)ccc(c23)C(=O)N1c1ccc2c(c1)[nH]c1ccccc12,"('O=C1NC(=O)c2cccc3cccc1c23', 'c1ccc2c(c1)Nc1ccccc12', 'c1ccc2c(c1)Nc1ccccc12')",15.89608743996215
22,O=C1c2cccc3c(-n4c5ccccc5c5ccccc54)ccc(c23)C(=O)N1c1ccc2c(c1)[nH]c1ccccc12,"('O=C1NC(=O)c2cccc3cccc1c23', 'c1ccc2c(c1)Nc1ccccc12', 'c1ccc2c(c1)Nc1ccccc12')",15.89608743996215
23,O=C1c2ccccc2-c2ccc(N3C(=O)c4cccc5c(-n6c7ccccc7c7ccccc76)ccc(c45)C3=O)cc21,"('O=C1NC(=O)c2cccc3cccc1c23', 'c1ccc2c(c1)Nc1ccccc12', 'O=C1c2ccccc2-c2ccccc21')",14.164613735144977
24,O=C1c2cccc3c(-n4c5ccccc5c5ccccc54)ccc(c23)C(=O)N1c1ccc2c(c1)[nH]c1ccccc12,"('O=C1NC(=O)c2cccc3cccc1c23', 'c1ccc2c(c1)Nc1ccccc12', 'c1ccc2c(c1)Nc1ccccc12')",15.89608743996215
25,O=C1c2cccc3c(-n4c5ccccc5c5ccccc54)ccc(c23)C(=O)N1c1ccc2c(c1)[nH]c1ccccc12,"('O=C1NC(=O)c2cccc3cccc1c23', 'c1ccc2c(c1)Nc1ccccc12', 'c1ccc2c(c1)Nc1ccccc12')",15.89608743996215
26,N#Cc1ccc(N2C(=O)c3cccc4c(-c5ccc6c(c5)C(=O)c5ccccc5-6)ccc(c34)C2=O)s1,"('O=C1NC(=O)c2cccc3cccc1c23', 'O=C1c2ccccc2-c2ccccc21', 'N#Cc1cccs1')",7.435578710069493
27,O=C1c2cccc3c(-n4c5ccccc5c5ccccc54)ccc(c23)C(=O)N1c1ccc2c(c1)[nH]c1ccccc12,"('O=C1NC(=O)c2cccc3cccc1c23', 'c1ccc2c(c1)Nc1ccccc12', 'c1ccc2c(c1)Nc1ccccc12')",15.89608743996215
28,O=C1c2cccc3c(-n4c5ccccc5c5ccccc54)ccc(c23)C(=O)N1c1ccc2c(c1)[nH]c1ccccc12,"('O=C1NC(=O)c2cccc3cccc1c23', 'c1ccc2c(c1)Nc1ccccc12', 'c1ccc2c(c1)Nc1ccccc12')",15.89608743996215
29,O=C1c2cccc3c(-n4c5ccccc5c5ccccc54)ccc(c23)C(=O)N1c1ccc2c(c1)[nH]c1ccccc12,"('O=C1NC(=O)c2cccc3cccc1c23', 'c1ccc2c(c1)Nc1ccccc12', 'c1ccc2c(c1)Nc1ccccc12')",15.89608743996215
30,N#Cc1cc(N2C(=O)c3ccccc3C2=O)c(-n2c3ccccc3c3ccccc32)s1,"('O=C1NC(=O)c2ccccc21', 'N#Cc1cccs1', 'c1ccc2c(c1)Nc1ccccc12')",13.046503881285451
31,N#Cc1ccc(-c2ccc3c4c(cccc24)C(=O)N(c2ccc4c(c2)[nH]c2ccccc24)C3=O)s1,"('O=C1NC(=O)c2cccc3cccc1c23', 'N#Cc1cccs1', 'c1ccc2c(c1)Nc1ccccc12')",16.902517400847415
32,O=C1c2cccc3c(-n4c5ccccc5c5ccccc54)ccc(c23)C(=O)N1c1ccc2c(c1)[nH]c1ccccc12,"('O=C1NC(=O)c2cccc3cccc1c23', 'c1ccc2c(c1)Nc1ccccc12', 'c1ccc2c(c1)Nc1ccccc12')",15.89608743996215
33,O=C1c2cccc3c(-n4c5ccccc5c5ccccc54)ccc(c23)C(=O)N1c1ccc2c(c1)[nH]c1ccccc12,"('O=C1NC(=O)c2cccc3cccc1c23', 'c1ccc2c(c1)Nc1ccccc12', 'c1ccc2c(c1)Nc1ccccc12')",15.89608743996215
34,O=C1c2cccc3c(-n4c5ccccc5c5ccccc54)ccc(c23)C(=O)N1c1ccc2c(c1)[nH]c1ccccc12,"('O=C1NC(=O)c2cccc3cccc1c23', 'c1ccc2c(c1)Nc1ccccc12', 'c1ccc2c(c1)Nc1ccccc12')",15.89608743996215
35,N#Cc1ccc(N2C(=O)c3cccc4c(-n5c6ccccc6c6ccccc65)ccc(c34)C2=O)s1,"('O=C1NC(=O)c2cccc3cccc1c23', 'c1ccc2c(c1)Nc1ccccc12', 'N#Cc1cccs1')",17.286597392143065
36,O=C1c2cccc3c(-n4c5ccccc5c5ccccc54)ccc(c23)C(=O)N1c1ccc2c(c1)[nH]c1ccccc12,"('O=C1NC(=O)c2cccc3cccc1c23', 'c1ccc2c(c1)Nc1ccccc12', 'c1ccc2c(c1)Nc1ccccc12')",15.89608743996215
37,N#Cc1ccc(-c2ccc3c4c(cccc24)C(=O)N(c2ccc4c(c2)[nH]c2ccccc24)C3=O)s1,"('O=C1NC(=O)c2cccc3cccc1c23', 'N#Cc1cccs1', 'c1ccc2c(c1)Nc1ccccc12')",16.902517400847415
38,O=C1c2cccc3c(-n4c5ccccc5c5ccccc54)ccc(c23)C(=O)N1c1ccc2c(c1)[nH]c1ccccc12,"('O=C1NC(=O)c2cccc3cccc1c23', 'c1ccc2c(c1)Nc1ccccc12', 'c1ccc2c(c1)Nc1ccccc12')",15.89608743996215
39,O=C1c2cccc3c(-n4c5ccccc5c5ccccc54)ccc(c23)C(=O)N1c1ccc2c(c1)[nH]c1ccccc12,"('O=C1NC(=O)c2cccc3cccc1c23', 'c1ccc2c(c1)Nc1ccccc12', 'c1ccc2c(c1)Nc1ccccc12')",15.89608743996215
40,O=C1c2cccc3c(-n4c5ccccc5c5ccccc54)ccc(c23)C(=O)N1c1ccc([N+](=O)[O-])cc1,"('O=C1NC(=O)c2cccc3cccc1c23', 'c1ccc2c(c1)Nc1ccccc12', 'O=[N+]([O-])c1ccccc1')",10.426364021871061
41,O=C1c2cccc3c(-n4c5ccccc5c5ccccc54)ccc(c23)C(=O)N1c1ccc2c(c1)[nH]c1ccccc12,"('O=C1NC(=O)c2cccc3cccc1c23', 'c1ccc2c(c1)Nc1ccccc12', 'c1ccc2c(c1)Nc1ccccc12')",15.89608743996215
42,O=C1c2cccc3c(-n4c5ccccc5c5ccccc54)ccc(c23)C(=O)N1c1ccc2c(c1)[nH]c1ccccc12,"('O=C1NC(=O)c2cccc3cccc1c23', 'c1ccc2c(c1)Nc1ccccc12', 'c1ccc2c(c1)Nc1ccccc12')",15.89608743996215
43,O=C1c2cccc3c(-n4c5ccccc5c5ccccc54)ccc(c23)C(=O)N1c1ccc2c(c1)[nH]c1ccccc12,"('O=C1NC(=O)c2cccc3cccc1c23', 'c1ccc2c(c1)Nc1ccccc12', 'c1ccc2c(c1)Nc1ccccc12')",15.89608743996215
44,O=C1c2cccc3c(-n4c5ccccc5c5ccccc54)ccc(c23)C(=O)N1c1ccc2c(c1)[nH]c1ccccc12,"('O=C1NC(=O)c2cccc3cccc1c23', 'c1ccc2c(c1)Nc1ccccc12', 'c1ccc2c(c1)Nc1ccccc12')",15.89608743996215
45,O=C1c2cccc3c(-n4c5ccccc5c5ccccc54)ccc(c23)C(=O)N1c1ccc2c(c1)[nH]c1ccccc12,"('O=C1NC(=O)c2cccc3cccc1c23', 'c1ccc2c(c1)Nc1ccccc12', 'c1ccc2c(c1)Nc1ccccc12')",15.89608743996215
46,O=C1c2cccc3c(-n4c5ccccc5c5ccccc54)ccc(c23)C(=O)N1c1ccc2c(c1)[nH]c1ccccc12,"('O=C1NC(=O)c2cccc3cccc1c23', 'c1ccc2c(c1)Nc1ccccc12', 'c1ccc2c(c1)Nc1ccccc12')",15.89608743996215
47,O=C1c2cccc3c(-n4c5ccccc5c5ccccc54)ccc(c23)C(=O)N1c1ccc2c(c1)[nH]c1ccccc12,"('O=C1NC(=O)c2cccc3cccc1c23', 'c1ccc2c(c1)Nc1ccccc12', 'c1ccc2c(c1)Nc1ccccc12')",15.89608743996215
48,O=C1c2cccc3c(-n4c5ccccc5c5ccccc54)ccc(c23)C(=O)N1c1ccc2c(c1)[nH]c1ccccc12,"('O=C1NC(=O)c2cccc3cccc1c23', 'c1ccc2c(c1)Nc1ccccc12', 'c1ccc2c(c1)Nc1ccccc12')",15.89608743996215
49,O=C1c2cccc3c(-n4c5ccccc5c5ccccc54)ccc(c23)C(=O)N1c1ccc2c(c1)[nH]c1ccccc12,"('O=C1NC(=O)c2cccc3cccc1c23', 'c1ccc2c(c1)Nc1ccccc12', 'c1ccc2c(c1)Nc1ccccc12')",15.89608743996215
